FirstName,LastName,Domain
Luke,Skywalker,Starwars
Lea,Organa,Starwars
Darth,Vader,Starwars
Obiwan,Kenobi,Starwars
Harry,Potter,Hogwarts
Hermione,Granger,Hogwarts
Ron,Weasley,Hogwarts
Albus,Dumbledore,Hogwarts
Severus,Snape,Hogwarts
Jean-Luc,Picard,Startrekng
William,Riker,Startrekng
Geordi,Leforge,Startrekng
Deanna,Troi,Startrekng
Doctor,Who,Doctorwho
Clara,Oswald,Doctorwho
Sarah Jane,Smith,Doctorwho
Rose,Tyler,Doctorwho
Donna,Noble,Doctorwho
River,Song,Doctorwho
Gandalf,Mithrander,Middleearth
Aragorn,Elessar,Middleearth
Frodo,Baggins,Middleearth
Samwise,Gamgee,Middleearth
Meriadoc,Brandybuck,Middleearth
Peregrin,Took,Middleearth
